mean,median,std,var,range,iqr,mad,skewness,kurtosis,min,max,percentile_5,percentile_10,percentile_25,percentile_75,percentile_90,percentile_95,cv,mean_cadence,std_cadence,mean_diff,std_diff,max_diff,linear_slope,linear_r2,autocorr_lag1,autocorr_lag2,spectral_power_mean,spectral_power_std,spectral_power_max,dominant_freq,amplitude,rms,relative_amplitude,von_neumann,asymmetry_ratio,max_run_above,max_run_below,n_dips,deepest_dip_depth,deepest_dip_duration,deepest_dip_points,mean_snr,median_snr,weighted_mean,chi2,chi2_reduced,n_points,time_span
-4.92377694172319e-14,0.03157019721588847,0.9999999999999999,0.9999999999999998,5.8972315627855245,1.568139644602354,0.7805947307333152,-0.05907543397312952,-0.7592192171700587,-2.934153053056862,2.9630785097286623,-1.6191242409886744,-1.3458484947128315,-0.7871539510733886,0.7809856935289656,1.302426308862727,1.555517857123206,20309612150099.28,0.009000900090009001,4.081634778802602e-15,7.667333460863702e-05,0.712623064634779,2.584271573034683,-1.5234684027518553e-07,1.5669586429662745e-11,0.7460937527955105,0.7453964538019779,10001.981132366887,312952.3548375163,16550072.996700447,0.04444,2.9486157813927623,0.9999999999999999,59885242899748.945,0.5077808549644519,1.0,360,336,144,2.96572325027275,0.0,1,1.662659655651154,1.5529473572582777,-4.9231840985280044e-14,39104.22343445287,3.910813424787766,10000,90.0
