{
    "test_metrics": {
        "pair_evaluation": {
            "accuracy": 0.5901234567901235,
            "precision": 0.43333333333333335,
            "recall": 0.08024691358024691,
            "f1": 0.13541666666666666,
            "mean_distance_positive": 